{
  "train_mae": 0.007328343271748768,
  "val_mae": 0.008299065108762806,
  "train_r2": 0.999668788654326,
  "val_r2": 0.9994468444529869,
  "n_train_samples": 2323,
  "n_val_samples": 581,
  "blend_weight_mean": 0.34678611246873486,
  "blend_weights": {
    "Algeria": 0.3,
    "Argentina": 0.3053479056270502,
    "Aruba": 0.3,
    "Australia": 0.7121064626404037,
    "Austria": 0.3367916324460119,
    "Azerbaijan": 0.3713133640552996,
    "Bahrain": 0.3833333333333333,
    "Bangladesh": 0.3,
    "Belarus": 0.3436527762007494,
    "Belgium": 0.3,
    "Belize": 0.35087828689517564,
    "Bhutan": 0.3,
    "Bolivia": 0.34487330122769905,
    "Brazil": 0.3,
    "Bulgaria": 0.31175854849965107,
    "Burundi": 0.42157157157157155,
    "Cameroon": 0.32480130902290794,
    "Canada": 0.3299786469799546,
    "Cape Verde": 0.34259259259259245,
    "Cayman Islands": 0.3,
    "Central African Republic": 0.34259259259259256,
    "Chile": 0.3670256337351192,
    "China": 0.3351633925597853,
    "Colombia": 0.34008761964455936,
    "Congo": 0.35063752276867033,
    "Costa Rica": 0.5170385958043784,
    "Croatia": 0.33850866075200675,
    "Cuba": 0.3003095640126423,
    "Denmark": 0.32001889043547427,
    "Djibouti": 0.8333333333333334,
    "Dominican Republic": 0.3,
    "Ecuador": 0.3301366790827513,
    "El Salvador": 0.34259259259259256,
    "Equatorial Guinea": 0.34259259259259256,
    "Estonia": 0.3131886099511999,
    "Ethiopia": 0.34259259259259256,
    "Falkland Islands": 0.3,
    "Faroe Islands": 0.3,
    "Finland": 0.4112607305980166,
    "French Guyana": 0.3288018218999814,
    "Gabon": 0.38810420590081607,
    "Georgia": 0.3,
    "Germany": 0.3,
    "Gibraltar": 0.3,
    "Greenland": 0.3,
    "Guadeloupe": 0.44387755102040816,
    "Guatemala": 0.3,
    "Guinea": 0.34259259259259256,
    "Guyana": 0.3849221420432966,
    "Honduras": 0.3437137636600021,
    "Hungary": 0.3,
    "Iceland": 0.3043083525916144,
    "India": 0.3441123271604502,
    "Indonesia": 0.32512037347236566,
    "Iraq": 0.3,
    "Ireland": 0.30501560660149885,
    "Isle of Man": 0.3,
    "Italy": 0.34259259259259256,
    "Jamaica": 0.37481421647819063,
    "Kuwait": 0.3,
    "Kyrgyzstan": 0.41832921810699586,
    "Latvia": 0.3,
    "Liberia": 0.34259259259259256,
    "Liechtenstein": 0.3,
    "Lithuania": 0.3,
    "Madagascar": 0.34259259259259256,
    "Malawi": 0.34259259259259256,
    "Maldives": 0.3,
    "Mali": 0.3,
    "Martinique": 0.3694743130227001,
    "Mauritania": 0.3426928051187802,
    "Mauritius": 0.3,
    "Mayotte": 0.3,
    "Mexico": 0.3255296466867228,
    "Moldova": 0.3,
    "Monaco": 0.3,
    "Mongolia": 0.3,
    "Montenegro": 0.3,
    "Morocco": 0.34388627434048613,
    "Mozambique": 0.34711660986812864,
    "Myanmar": 0.32790872972547064,
    "Nauru": 0.3,
    "Nepal": 0.3,
    "Netherlands": 0.3519547719432733,
    "New Zealand": 0.3,
    "Nicaragua": 0.334074977731304,
    "Niger": 0.3,
    "Nigeria": 0.34259061863911866,
    "North Korea": 0.3224612948147339,
    "Norway": 0.5830486763450042,
    "Panama": 0.33354439645706757,
    "Papua New Guinea": 0.4103237716557796,
    "Paraguay": 0.33857589160834317,
    "Peru": 0.36343263143480137,
    "Poland": 0.3138240815231966,
    "Portugal": 0.34259259259259256,
    "Qatar": 0.3,
    "Romania": 0.3439796197001291,
    "Russia": 0.3,
    "San Marino": 0.3,
    "Sao Tome and Principe": 0.4712705210563883,
    "Senegal": 0.34259259259259256,
    "Serbia": 0.312087087087087,
    "Singapore": 0.85,
    "Slovenia": 0.39204308257493525,
    "Somalia": 0.34259259259259256,
    "South Africa": 0.3425925925925926,
    "South Korea": 0.35298661174047374,
    "Spain": 0.3,
    "Sudan": 0.34259259259259245,
    "Suriname": 0.406165669365247,
    "Sweden": 0.33480243161094225,
    "Switzerland": 0.33400488400488404,
    "Syria": 0.32101420284056814,
    "Tanzania": 0.3564102564102564,
    "Thailand": 0.3328015335431952,
    "Togo": 0.3110258947715652,
    "Tokelau": 0.3,
    "Tunisia": 0.32470703125,
    "Turkey": 0.37297935624905454,
    "Uganda": 0.34259259259259256,
    "Ukraine": 0.36341463414634145,
    "United Kingdom": 0.3780512204881953,
    "United States": 0.32832615580923735,
    "Uruguay": 0.3449133104978045,
    "Uzbekistan": 0.32718838329842853,
    "Vatican": 0.3,
    "Venezuela": 0.3060937316323339,
    "Vietnam": 0.317239272067242,
    "World": 0.3322007305573025,
    "Zambia": 0.43331171006903857,
    "Zimbabwe": 0.34259259259259256
  }
}